playerId,teamId,categoryId,categoryName,group,teamName,fullName,dni,birthDate,birthYear,status,photoFileName,photoUrl
guerreros-sub6-01,sub6-guerreros-de-manchay-3,sub6,Sub 6,Único,GUERREROS DE MANCHAY,Alexander Chanca Hernandez,94768639,2020-03-11,2020,aprobado,94768639.png,
guerreros-sub6-02,sub6-guerreros-de-manchay-3,sub6,Sub 6,Único,GUERREROS DE MANCHAY,Victor Francesco De la Cruz Mego,91972988,2020-08-15,2020,aprobado,91972988.png,
guerreros-sub6-03,sub6-guerreros-de-manchay-3,sub6,Sub 6,Único,GUERREROS DE MANCHAY,Liam Salcedo Mayta,92523349,2021-09-04,2021,aprobado,92523349.png,
guerreros-sub6-04,sub6-guerreros-de-manchay-3,sub6,Sub 6,Único,GUERREROS DE MANCHAY,Liam Darhiel Chacón Vallejos,92622043,2021-11-11,2021,aprobado,92622043.png,
guerreros-sub6-05,sub6-guerreros-de-manchay-3,sub6,Sub 6,Único,GUERREROS DE MANCHAY,Gianluca Aurelio Pariona Llanterguay,92695777,2021-01-04,2021,aprobado,92695777.png,
guerreros-sub6-07,sub6-guerreros-de-manchay-3,sub6,Sub 6,Único,GUERREROS DE MANCHAY,Hans Steven Quispe Goitia,91674980,2020-01-10,2020,aprobado,91674980.png,
guerreros-sub6-08,sub6-guerreros-de-manchay-3,sub6,Sub 6,Único,GUERREROS DE MANCHAY,Iker Joel Molleapaza Gutierrez,91903581,2020-06-23,2020,aprobado,91903581.png,
guerreros-sub6-10,sub6-guerreros-de-manchay-3,sub6,Sub 6,Único,GUERREROS DE MANCHAY,Dylan Caleb Yajahuanca Arones,91814200,2020-04-14,2020,aprobado,91814200.png,
guerreros-sub6-11,sub6-guerreros-de-manchay-3,sub6,Sub 6,Único,GUERREROS DE MANCHAY,Lucas Anuel Guevara Braco,92094647,2020-11-04,2020,aprobado,92094647.png,
